"0","covid_testing$gender"
"1","   [1]"
"1"," ""female"""
"1"," ""female"""
"1"," ""male""  "
"1"," ""female"""
"1"," ""male""  "
"1"," ""female"""
"1"," ""male""  "
"1"," ""female"""
"1","
"
"1","   [9]"
"1"," ""male""  "
"1"," ""male""  "
"1"," ""male""  "
"1"," ""female"""
"1"," ""female"""
"1"," ""male""  "
"1"," ""female"""
"1"," ""female"""
"1","
"
"1","  [17]"
"1"," ""male""  "
"1"," ""male""  "
"1"," ""female"""
"1"," ""female"""
"1"," ""female"""
"1"," ""male""  "
"1"," ""female"""
"1"," ""male""  "
"1","
"
"1","  [25]"
"1"," ""female"""
"1"," ""male""  "
"1"," ""female"""
"1"," ""male""  "
"1"," ""female"""
"1"," ""female"""
"1"," ""male""  "
"1"," ""female"""
"1","
"
"1","  [33]"
"1"," ""female"""
"1"," ""female"""
"1"," ""female"""
"1"," ""female"""
"1"," ""male""  "
"1"," ""female"""
"1"," ""male""  "
"1"," ""female"""
"1","
"
"1","  [41]"
"1"," ""female"""
"1"," ""male""  "
"1"," ""male""  "
"1"," ""female"""
"1"," ""female"""
"1"," ""male""  "
"1"," ""male""  "
"1"," ""male""  "
"1","
"
"1","  [49]"
"1"," ""male""  "
"1"," ""female"""
"1"," ""female"""
"1"," ""female"""
"1"," ""male""  "
"1"," ""male""  "
"1"," ""male""  "
"1"," ""male""  "
"1","
"
"1","  [57]"
"1"," ""female"""
"1"," ""female"""
"1"," ""female"""
"1"," ""female"""
"1"," ""male""  "
"1"," ""male""  "
"1"," ""male""  "
"1"," ""female"""
"1","
"
"1","  [65]"
"1"," ""female"""
"1"," ""female"""
"1"," ""male""  "
"1"," ""female"""
"1"," ""male""  "
"1"," ""female"""
"1"," ""male""  "
"1"," ""male""  "
"1","
"
"1","  [73]"
"1"," ""female"""
"1"," ""female"""
"1"," ""female"""
"1"," ""male""  "
"1"," ""male""  "
"1"," ""male""  "
"1"," ""female"""
"1"," ""male""  "
"1","
"
"1","  [81]"
"1"," ""female"""
"1"," ""female"""
"1"," ""female"""
"1"," ""female"""
"1"," ""female"""
"1"," ""male""  "
"1"," ""female"""
"1"," ""male""  "
"1","
"
"1","  [89]"
"1"," ""male""  "
"1"," ""male""  "
"1"," ""male""  "
"1"," ""female"""
"1"," ""male""  "
"1"," ""male""  "
"1"," ""female"""
"1"," ""female"""
"1","
"
"1","  [97]"
"1"," ""female"""
"1"," ""female"""
"1"," ""male""  "
"1"," ""male""  "
"1"," ""male""  "
"1"," ""female"""
"1"," ""male""  "
"1"," ""female"""
"1","
"
"1"," [105]"
"1"," ""female"""
"1"," ""female"""
"1"," ""male""  "
"1"," ""male""  "
"1"," ""female"""
"1"," ""male""  "
"1"," ""male""  "
"1"," ""male""  "
"1","
"
"1"," [113]"
"1"," ""female"""
"1"," ""female"""
"1"," ""male""  "
"1"," ""male""  "
"1"," ""male""  "
"1"," ""female"""
"1"," ""female"""
"1"," ""male""  "
"1","
"
"1"," [121]"
"1"," ""female"""
"1"," ""female"""
"1"," ""male""  "
"1"," ""male""  "
"1"," ""female"""
"1"," ""female"""
"1"," ""female"""
"1"," ""male""  "
"1","
"
"1"," [129]"
"1"," ""female"""
"1"," ""female"""
"1"," ""male""  "
"1"," ""female"""
"1"," ""female"""
"1"," ""female"""
"1"," ""female"""
"1"," ""male""  "
"1","
"
"1"," [137]"
"1"," ""male""  "
"1"," ""male""  "
"1"," ""male""  "
"1"," ""male""  "
"1"," ""male""  "
"1"," ""female"""
"1"," ""female"""
"1"," ""male""  "
"1","
"
"1"," [145]"
"1"," ""male""  "
"1"," ""female"""
"1"," ""male""  "
"1"," ""female"""
"1"," ""female"""
"1"," ""male""  "
"1"," ""male""  "
"1"," ""male""  "
"1","
"
"1"," [153]"
"1"," ""female"""
"1"," ""female"""
"1"," ""female"""
"1"," ""male""  "
"1"," ""female"""
"1"," ""male""  "
"1"," ""male""  "
"1"," ""female"""
"1","
"
"1"," [161]"
"1"," ""male""  "
"1"," ""female"""
"1"," ""male""  "
"1"," ""male""  "
"1"," ""male""  "
"1"," ""female"""
"1"," ""female"""
"1"," ""male""  "
"1","
"
"1"," [169]"
"1"," ""female"""
"1"," ""male""  "
"1"," ""female"""
"1"," ""female"""
"1"," ""female"""
"1"," ""male""  "
"1"," ""female"""
"1"," ""male""  "
"1","
"
"1"," [177]"
"1"," ""female"""
"1"," ""female"""
"1"," ""male""  "
"1"," ""male""  "
"1"," ""female"""
"1"," ""female"""
"1"," ""female"""
"1"," ""female"""
"1","
"
"1"," [185]"
"1"," ""female"""
"1"," ""male""  "
"1"," ""male""  "
"1"," ""male""  "
"1"," ""female"""
"1"," ""male""  "
"1"," ""male""  "
"1"," ""female"""
"1","
"
"1"," [193]"
"1"," ""female"""
"1"," ""male""  "
"1"," ""male""  "
"1"," ""male""  "
"1"," ""male""  "
"1"," ""male""  "
"1"," ""male""  "
"1"," ""female"""
"1","
"
"1"," [201]"
"1"," ""female"""
"1"," ""female"""
"1"," ""female"""
"1"," ""female"""
"1"," ""male""  "
"1"," ""male""  "
"1"," ""male""  "
"1"," ""male""  "
"1","
"
"1"," [209]"
"1"," ""male""  "
"1"," ""female"""
"1"," ""female"""
"1"," ""female"""
"1"," ""male""  "
"1"," ""male""  "
"1"," ""male""  "
"1"," ""male""  "
"1","
"
"1"," [217]"
"1"," ""male""  "
"1"," ""female"""
"1"," ""male""  "
"1"," ""male""  "
"1"," ""male""  "
"1"," ""female"""
"1"," ""male""  "
"1"," ""male""  "
"1","
"
"1"," [225]"
"1"," ""male""  "
"1"," ""male""  "
"1"," ""female"""
"1"," ""female"""
"1"," ""female"""
"1"," ""female"""
"1"," ""female"""
"1"," ""male""  "
"1","
"
"1"," [233]"
"1"," ""female"""
"1"," ""male""  "
"1"," ""male""  "
"1"," ""female"""
"1"," ""female"""
"1"," ""male""  "
"1"," ""female"""
"1"," ""female"""
"1","
"
"1"," [241]"
"1"," ""female"""
"1"," ""male""  "
"1"," ""female"""
"1"," ""female"""
"1"," ""male""  "
"1"," ""male""  "
"1"," ""female"""
"1"," ""male""  "
"1","
"
"1"," [249]"
"1"," ""female"""
"1"," ""female"""
"1"," ""female"""
"1"," ""male""  "
"1"," ""female"""
"1"," ""female"""
"1"," ""female"""
"1"," ""male""  "
"1","
"
"1"," [257]"
"1"," ""male""  "
"1"," ""female"""
"1"," ""male""  "
"1"," ""female"""
"1"," ""male""  "
"1"," ""female"""
"1"," ""male""  "
"1"," ""male""  "
"1","
"
"1"," [265]"
"1"," ""female"""
"1"," ""female"""
"1"," ""male""  "
"1"," ""male""  "
"1"," ""female"""
"1"," ""female"""
"1"," ""male""  "
"1"," ""male""  "
"1","
"
"1"," [273]"
"1"," ""female"""
"1"," ""male""  "
"1"," ""male""  "
"1"," ""male""  "
"1"," ""male""  "
"1"," ""male""  "
"1"," ""male""  "
"1"," ""male""  "
"1","
"
"1"," [281]"
"1"," ""female"""
"1"," ""female"""
"1"," ""male""  "
"1"," ""female"""
"1"," ""female"""
"1"," ""female"""
"1"," ""female"""
"1"," ""female"""
"1","
"
"1"," [289]"
"1"," ""female"""
"1"," ""female"""
"1"," ""male""  "
"1"," ""female"""
"1"," ""female"""
"1"," ""male""  "
"1"," ""male""  "
"1"," ""female"""
"1","
"
"1"," [297]"
"1"," ""female"""
"1"," ""female"""
"1"," ""female"""
"1"," ""female"""
"1"," ""male""  "
"1"," ""female"""
"1"," ""male""  "
"1"," ""female"""
"1","
"
"1"," [305]"
"1"," ""female"""
"1"," ""male""  "
"1"," ""male""  "
"1"," ""male""  "
"1"," ""male""  "
"1"," ""female"""
"1"," ""male""  "
"1"," ""female"""
"1","
"
"1"," [313]"
"1"," ""male""  "
"1"," ""female"""
"1"," ""male""  "
"1"," ""male""  "
"1"," ""female"""
"1"," ""female"""
"1"," ""male""  "
"1"," ""female"""
"1","
"
"1"," [321]"
"1"," ""female"""
"1"," ""female"""
"1"," ""female"""
"1"," ""female"""
"1"," ""male""  "
"1"," ""male""  "
"1"," ""male""  "
"1"," ""female"""
"1","
"
"1"," [329]"
"1"," ""female"""
"1"," ""male""  "
"1"," ""male""  "
"1"," ""female"""
"1"," ""female"""
"1"," ""female"""
"1"," ""male""  "
"1"," ""male""  "
"1","
"
"1"," [337]"
"1"," ""female"""
"1"," ""male""  "
"1"," ""female"""
"1"," ""female"""
"1"," ""male""  "
"1"," ""male""  "
"1"," ""male""  "
"1"," ""male""  "
"1","
"
"1"," [345]"
"1"," ""female"""
"1"," ""male""  "
"1"," ""male""  "
"1"," ""male""  "
"1"," ""female"""
"1"," ""male""  "
"1"," ""female"""
"1"," ""female"""
"1","
"
"1"," [353]"
"1"," ""female"""
"1"," ""female"""
"1"," ""female"""
"1"," ""female"""
"1"," ""female"""
"1"," ""male""  "
"1"," ""female"""
"1"," ""male""  "
"1","
"
"1"," [361]"
"1"," ""male""  "
"1"," ""male""  "
"1"," ""male""  "
"1"," ""female"""
"1"," ""male""  "
"1"," ""male""  "
"1"," ""female"""
"1"," ""male""  "
"1","
"
"1"," [369]"
"1"," ""female"""
"1"," ""female"""
"1"," ""female"""
"1"," ""male""  "
"1"," ""female"""
"1"," ""female"""
"1"," ""male""  "
"1"," ""male""  "
"1","
"
"1"," [377]"
"1"," ""female"""
"1"," ""female"""
"1"," ""female"""
"1"," ""male""  "
"1"," ""male""  "
"1"," ""male""  "
"1"," ""male""  "
"1"," ""female"""
"1","
"
"1"," [385]"
"1"," ""male""  "
"1"," ""female"""
"1"," ""male""  "
"1"," ""female"""
"1"," ""female"""
"1"," ""male""  "
"1"," ""female"""
"1"," ""male""  "
"1","
"
"1"," [393]"
"1"," ""female"""
"1"," ""female"""
"1"," ""male""  "
"1"," ""female"""
"1"," ""female"""
"1"," ""male""  "
"1"," ""female"""
"1"," ""female"""
"1","
"
"1"," [401]"
"1"," ""female"""
"1"," ""female"""
"1"," ""male""  "
"1"," ""male""  "
"1"," ""male""  "
"1"," ""female"""
"1"," ""female"""
"1"," ""male""  "
"1","
"
"1"," [409]"
"1"," ""male""  "
"1"," ""female"""
"1"," ""male""  "
"1"," ""female"""
"1"," ""male""  "
"1"," ""male""  "
"1"," ""male""  "
"1"," ""female"""
"1","
"
"1"," [417]"
"1"," ""female"""
"1"," ""male""  "
"1"," ""male""  "
"1"," ""male""  "
"1"," ""female"""
"1"," ""male""  "
"1"," ""female"""
"1"," ""male""  "
"1","
"
"1"," [425]"
"1"," ""female"""
"1"," ""male""  "
"1"," ""female"""
"1"," ""female"""
"1"," ""male""  "
"1"," ""female"""
"1"," ""female"""
"1"," ""female"""
"1","
"
"1"," [433]"
"1"," ""male""  "
"1"," ""male""  "
"1"," ""male""  "
"1"," ""male""  "
"1"," ""male""  "
"1"," ""male""  "
"1"," ""male""  "
"1"," ""male""  "
"1","
"
"1"," [441]"
"1"," ""male""  "
"1"," ""male""  "
"1"," ""male""  "
"1"," ""female"""
"1"," ""female"""
"1"," ""male""  "
"1"," ""male""  "
"1"," ""male""  "
"1","
"
"1"," [449]"
"1"," ""male""  "
"1"," ""male""  "
"1"," ""male""  "
"1"," ""female"""
"1"," ""male""  "
"1"," ""female"""
"1"," ""female"""
"1"," ""male""  "
"1","
"
"1"," [457]"
"1"," ""female"""
"1"," ""female"""
"1"," ""male""  "
"1"," ""female"""
"1"," ""male""  "
"1"," ""male""  "
"1"," ""male""  "
"1"," ""female"""
"1","
"
"1"," [465]"
"1"," ""female"""
"1"," ""female"""
"1"," ""male""  "
"1"," ""male""  "
"1"," ""male""  "
"1"," ""female"""
"1"," ""male""  "
"1"," ""female"""
"1","
"
"1"," [473]"
"1"," ""female"""
"1"," ""male""  "
"1"," ""male""  "
"1"," ""female"""
"1"," ""female"""
"1"," ""female"""
"1"," ""female"""
"1"," ""female"""
"1","
"
"1"," [481]"
"1"," ""female"""
"1"," ""female"""
"1"," ""female"""
"1"," ""female"""
"1"," ""male""  "
"1"," ""female"""
"1"," ""female"""
"1"," ""female"""
"1","
"
"1"," [489]"
"1"," ""female"""
"1"," ""female"""
"1"," ""female"""
"1"," ""female"""
"1"," ""female"""
"1"," ""male""  "
"1"," ""male""  "
"1"," ""female"""
"1","
"
"1"," [497]"
"1"," ""female"""
"1"," ""male""  "
"1"," ""male""  "
"1"," ""male""  "
"1"," ""female"""
"1"," ""female"""
"1"," ""male""  "
"1"," ""male""  "
"1","
"
"1"," [505]"
"1"," ""female"""
"1"," ""male""  "
"1"," ""male""  "
"1"," ""male""  "
"1"," ""male""  "
"1"," ""female"""
"1"," ""male""  "
"1"," ""female"""
"1","
"
"1"," [513]"
"1"," ""female"""
"1"," ""female"""
"1"," ""female"""
"1"," ""female"""
"1"," ""female"""
"1"," ""male""  "
"1"," ""female"""
"1"," ""male""  "
"1","
"
"1"," [521]"
"1"," ""female"""
"1"," ""female"""
"1"," ""female"""
"1"," ""female"""
"1"," ""female"""
"1"," ""male""  "
"1"," ""female"""
"1"," ""female"""
"1","
"
"1"," [529]"
"1"," ""female"""
"1"," ""female"""
"1"," ""female"""
"1"," ""female"""
"1"," ""female"""
"1"," ""male""  "
"1"," ""male""  "
"1"," ""male""  "
"1","
"
"1"," [537]"
"1"," ""female"""
"1"," ""male""  "
"1"," ""female"""
"1"," ""male""  "
"1"," ""female"""
"1"," ""female"""
"1"," ""male""  "
"1"," ""female"""
"1","
"
"1"," [545]"
"1"," ""male""  "
"1"," ""male""  "
"1"," ""female"""
"1"," ""female"""
"1"," ""female"""
"1"," ""male""  "
"1"," ""male""  "
"1"," ""female"""
"1","
"
"1"," [553]"
"1"," ""male""  "
"1"," ""male""  "
"1"," ""female"""
"1"," ""female"""
"1"," ""male""  "
"1"," ""male""  "
"1"," ""male""  "
"1"," ""male""  "
"1","
"
"1"," [561]"
"1"," ""male""  "
"1"," ""female"""
"1"," ""female"""
"1"," ""female"""
"1"," ""male""  "
"1"," ""female"""
"1"," ""female"""
"1"," ""female"""
"1","
"
"1"," [569]"
"1"," ""male""  "
"1"," ""female"""
"1"," ""female"""
"1"," ""male""  "
"1"," ""male""  "
"1"," ""female"""
"1"," ""female"""
"1"," ""female"""
"1","
"
"1"," [577]"
"1"," ""female"""
"1"," ""female"""
"1"," ""female"""
"1"," ""female"""
"1"," ""male""  "
"1"," ""male""  "
"1"," ""female"""
"1"," ""male""  "
"1","
"
"1"," [585]"
"1"," ""female"""
"1"," ""female"""
"1"," ""female"""
"1"," ""male""  "
"1"," ""female"""
"1"," ""female"""
"1"," ""female"""
"1"," ""female"""
"1","
"
"1"," [593]"
"1"," ""female"""
"1"," ""female"""
"1"," ""male""  "
"1"," ""female"""
"1"," ""female"""
"1"," ""female"""
"1"," ""male""  "
"1"," ""male""  "
"1","
"
"1"," [601]"
"1"," ""female"""
"1"," ""female"""
"1"," ""male""  "
"1"," ""female"""
"1"," ""male""  "
"1"," ""female"""
"1"," ""male""  "
"1"," ""female"""
"1","
"
"1"," [609]"
"1"," ""female"""
"1"," ""female"""
"1"," ""female"""
"1"," ""female"""
"1"," ""female"""
"1"," ""male""  "
"1"," ""male""  "
"1"," ""male""  "
"1","
"
"1"," [617]"
"1"," ""female"""
"1"," ""female"""
"1"," ""female"""
"1"," ""female"""
"1"," ""male""  "
"1"," ""male""  "
"1"," ""female"""
"1"," ""female"""
"1","
"
"1"," [625]"
"1"," ""male""  "
"1"," ""male""  "
"1"," ""male""  "
"1"," ""female"""
"1"," ""female"""
"1"," ""female"""
"1"," ""female"""
"1"," ""male""  "
"1","
"
"1"," [633]"
"1"," ""female"""
"1"," ""female"""
"1"," ""female"""
"1"," ""male""  "
"1"," ""male""  "
"1"," ""male""  "
"1"," ""male""  "
"1"," ""female"""
"1","
"
"1"," [641]"
"1"," ""male""  "
"1"," ""male""  "
"1"," ""male""  "
"1"," ""female"""
"1"," ""male""  "
"1"," ""male""  "
"1"," ""male""  "
"1"," ""female"""
"1","
"
"1"," [649]"
"1"," ""male""  "
"1"," ""male""  "
"1"," ""male""  "
"1"," ""male""  "
"1"," ""female"""
"1"," ""male""  "
"1"," ""male""  "
"1"," ""female"""
"1","
"
"1"," [657]"
"1"," ""male""  "
"1"," ""male""  "
"1"," ""male""  "
"1"," ""female"""
"1"," ""male""  "
"1"," ""male""  "
"1"," ""female"""
"1"," ""male""  "
"1","
"
"1"," [665]"
"1"," ""female"""
"1"," ""male""  "
"1"," ""male""  "
"1"," ""female"""
"1"," ""male""  "
"1"," ""female"""
"1"," ""female"""
"1"," ""male""  "
"1","
"
"1"," [673]"
"1"," ""female"""
"1"," ""female"""
"1"," ""male""  "
"1"," ""female"""
"1"," ""male""  "
"1"," ""female"""
"1"," ""female"""
"1"," ""male""  "
"1","
"
"1"," [681]"
"1"," ""male""  "
"1"," ""female"""
"1"," ""male""  "
"1"," ""male""  "
"1"," ""female"""
"1"," ""female"""
"1"," ""female"""
"1"," ""female"""
"1","
"
"1"," [689]"
"1"," ""male""  "
"1"," ""male""  "
"1"," ""male""  "
"1"," ""female"""
"1"," ""male""  "
"1"," ""female"""
"1"," ""male""  "
"1"," ""female"""
"1","
"
"1"," [697]"
"1"," ""male""  "
"1"," ""female"""
"1"," ""female"""
"1"," ""female"""
"1"," ""female"""
"1"," ""female"""
"1"," ""female"""
"1"," ""male""  "
"1","
"
"1"," [705]"
"1"," ""male""  "
"1"," ""male""  "
"1"," ""female"""
"1"," ""female"""
"1"," ""female"""
"1"," ""female"""
"1"," ""female"""
"1"," ""male""  "
"1","
"
"1"," [713]"
"1"," ""female"""
"1"," ""male""  "
"1"," ""male""  "
"1"," ""female"""
"1"," ""female"""
"1"," ""female"""
"1"," ""male""  "
"1"," ""female"""
"1","
"
"1"," [721]"
"1"," ""male""  "
"1"," ""male""  "
"1"," ""female"""
"1"," ""female"""
"1"," ""female"""
"1"," ""male""  "
"1"," ""female"""
"1"," ""female"""
"1","
"
"1"," [729]"
"1"," ""male""  "
"1"," ""female"""
"1"," ""female"""
"1"," ""female"""
"1"," ""female"""
"1"," ""male""  "
"1"," ""female"""
"1"," ""female"""
"1","
"
"1"," [737]"
"1"," ""male""  "
"1"," ""male""  "
"1"," ""female"""
"1"," ""female"""
"1"," ""male""  "
"1"," ""male""  "
"1"," ""male""  "
"1"," ""male""  "
"1","
"
"1"," [745]"
"1"," ""female"""
"1"," ""female"""
"1"," ""male""  "
"1"," ""female"""
"1"," ""male""  "
"1"," ""female"""
"1"," ""female"""
"1"," ""female"""
"1","
"
"1"," [753]"
"1"," ""female"""
"1"," ""female"""
"1"," ""male""  "
"1"," ""male""  "
"1"," ""male""  "
"1"," ""female"""
"1"," ""male""  "
"1"," ""female"""
"1","
"
"1"," [761]"
"1"," ""female"""
"1"," ""male""  "
"1"," ""male""  "
"1"," ""male""  "
"1"," ""male""  "
"1"," ""male""  "
"1"," ""male""  "
"1"," ""female"""
"1","
"
"1"," [769]"
"1"," ""male""  "
"1"," ""female"""
"1"," ""male""  "
"1"," ""male""  "
"1"," ""female"""
"1"," ""male""  "
"1"," ""male""  "
"1"," ""male""  "
"1","
"
"1"," [777]"
"1"," ""female"""
"1"," ""female"""
"1"," ""female"""
"1"," ""female"""
"1"," ""female"""
"1"," ""male""  "
"1"," ""female"""
"1"," ""female"""
"1","
"
"1"," [785]"
"1"," ""male""  "
"1"," ""female"""
"1"," ""female"""
"1"," ""female"""
"1"," ""male""  "
"1"," ""male""  "
"1"," ""male""  "
"1"," ""male""  "
"1","
"
"1"," [793]"
"1"," ""female"""
"1"," ""female"""
"1"," ""female"""
"1"," ""male""  "
"1"," ""male""  "
"1"," ""female"""
"1"," ""female"""
"1"," ""female"""
"1","
"
"1"," [801]"
"1"," ""female"""
"1"," ""male""  "
"1"," ""female"""
"1"," ""male""  "
"1"," ""female"""
"1"," ""female"""
"1"," ""female"""
"1"," ""male""  "
"1","
"
"1"," [809]"
"1"," ""female"""
"1"," ""female"""
"1"," ""female"""
"1"," ""female"""
"1"," ""female"""
"1"," ""male""  "
"1"," ""male""  "
"1"," ""male""  "
"1","
"
"1"," [817]"
"1"," ""female"""
"1"," ""female"""
"1"," ""male""  "
"1"," ""male""  "
"1"," ""male""  "
"1"," ""female"""
"1"," ""female"""
"1"," ""female"""
"1","
"
"1"," [825]"
"1"," ""male""  "
"1"," ""female"""
"1"," ""male""  "
"1"," ""female"""
"1"," ""male""  "
"1"," ""female"""
"1"," ""male""  "
"1"," ""male""  "
"1","
"
"1"," [833]"
"1"," ""female"""
"1"," ""female"""
"1"," ""female"""
"1"," ""male""  "
"1"," ""female"""
"1"," ""female"""
"1"," ""female"""
"1"," ""male""  "
"1","
"
"1"," [841]"
"1"," ""female"""
"1"," ""male""  "
"1"," ""female"""
"1"," ""female"""
"1"," ""male""  "
"1"," ""female"""
"1"," ""female"""
"1"," ""female"""
"1","
"
"1"," [849]"
"1"," ""male""  "
"1"," ""male""  "
"1"," ""male""  "
"1"," ""female"""
"1"," ""male""  "
"1"," ""female"""
"1"," ""male""  "
"1"," ""male""  "
"1","
"
"1"," [857]"
"1"," ""female"""
"1"," ""male""  "
"1"," ""male""  "
"1"," ""female"""
"1"," ""female"""
"1"," ""male""  "
"1"," ""female"""
"1"," ""female"""
"1","
"
"1"," [865]"
"1"," ""male""  "
"1"," ""female"""
"1"," ""male""  "
"1"," ""male""  "
"1"," ""male""  "
"1"," ""female"""
"1"," ""female"""
"1"," ""female"""
"1","
"
"1"," [873]"
"1"," ""male""  "
"1"," ""male""  "
"1"," ""female"""
"1"," ""female"""
"1"," ""female"""
"1"," ""male""  "
"1"," ""male""  "
"1"," ""female"""
"1","
"
"1"," [881]"
"1"," ""male""  "
"1"," ""female"""
"1"," ""female"""
"1"," ""female"""
"1"," ""female"""
"1"," ""male""  "
"1"," ""female"""
"1"," ""female"""
"1","
"
"1"," [889]"
"1"," ""male""  "
"1"," ""male""  "
"1"," ""female"""
"1"," ""female"""
"1"," ""female"""
"1"," ""female"""
"1"," ""male""  "
"1"," ""female"""
"1","
"
"1"," [897]"
"1"," ""male""  "
"1"," ""female"""
"1"," ""male""  "
"1"," ""female"""
"1"," ""female"""
"1"," ""female"""
"1"," ""female"""
"1"," ""female"""
"1","
"
"1"," [905]"
"1"," ""female"""
"1"," ""female"""
"1"," ""male""  "
"1"," ""female"""
"1"," ""female"""
"1"," ""male""  "
"1"," ""female"""
"1"," ""female"""
"1","
"
"1"," [913]"
"1"," ""female"""
"1"," ""male""  "
"1"," ""female"""
"1"," ""female"""
"1"," ""male""  "
"1"," ""male""  "
"1"," ""female"""
"1"," ""male""  "
"1","
"
"1"," [921]"
"1"," ""female"""
"1"," ""female"""
"1"," ""male""  "
"1"," ""male""  "
"1"," ""female"""
"1"," ""female"""
"1"," ""male""  "
"1"," ""female"""
"1","
"
"1"," [929]"
"1"," ""female"""
"1"," ""male""  "
"1"," ""male""  "
"1"," ""male""  "
"1"," ""female"""
"1"," ""male""  "
"1"," ""male""  "
"1"," ""male""  "
"1","
"
"1"," [937]"
"1"," ""male""  "
"1"," ""male""  "
"1"," ""female"""
"1"," ""male""  "
"1"," ""female"""
"1"," ""male""  "
"1"," ""male""  "
"1"," ""male""  "
"1","
"
"1"," [945]"
"1"," ""male""  "
"1"," ""male""  "
"1"," ""male""  "
"1"," ""male""  "
"1"," ""male""  "
"1"," ""male""  "
"1"," ""male""  "
"1"," ""female"""
"1","
"
"1"," [953]"
"1"," ""male""  "
"1"," ""male""  "
"1"," ""male""  "
"1"," ""male""  "
"1"," ""male""  "
"1"," ""male""  "
"1"," ""male""  "
"1"," ""female"""
"1","
"
"1"," [961]"
"1"," ""male""  "
"1"," ""female"""
"1"," ""male""  "
"1"," ""male""  "
"1"," ""female"""
"1"," ""female"""
"1"," ""female"""
"1"," ""male""  "
"1","
"
"1"," [969]"
"1"," ""female"""
"1"," ""female"""
"1"," ""female"""
"1"," ""male""  "
"1"," ""male""  "
"1"," ""male""  "
"1"," ""male""  "
"1"," ""female"""
"1","
"
"1"," [977]"
"1"," ""female"""
"1"," ""male""  "
"1"," ""female"""
"1"," ""male""  "
"1"," ""female"""
"1"," ""male""  "
"1"," ""female"""
"1"," ""male""  "
"1","
"
"1"," [985]"
"1"," ""female"""
"1"," ""female"""
"1"," ""male""  "
"1"," ""male""  "
"1"," ""male""  "
"1"," ""female"""
"1"," ""male""  "
"1"," ""male""  "
"1","
"
"1"," [993]"
"1"," ""female"""
"1"," ""male""  "
"1"," ""male""  "
"1"," ""female"""
"1"," ""male""  "
"1"," ""male""  "
"1"," ""male""  "
"1"," ""female"""
"1","
"
"1"," [ reached getOption(""max.print"") -- omitted 14524 entries ]
"
